{
  "" : {
    "transaction" : "",
    "sampleCount" : 55,
    "errorCount" : 0,
    "errorPct" : 0.0,
    "meanResTime" : 1451.945454545454,
    "medianResTime" : 1154.0,
    "minResTime" : 48.0,
    "maxResTime" : 3751.0,
    "pct1ResTime" : 3166.0,
    "pct2ResTime" : 3516.599999999999,
    "pct3ResTime" : 3751.0,
    "throughput" : 9.853099247581511,
    "receivedKBytesPerSec" : 24.09180737190971,
    "sentKBytesPerSec" : 41.2413085587603
  },
  "-30" : {
    "transaction" : "-30",
    "sampleCount" : 12,
    "errorCount" : 0,
    "errorPct" : 0.0,
    "meanResTime" : 141.5,
    "medianResTime" : 137.0,
    "minResTime" : 48.0,
    "maxResTime" : 290.0,
    "pct1ResTime" : 273.80000000000007,
    "pct2ResTime" : 290.0,
    "pct3ResTime" : 290.0,
    "throughput" : 10.92896174863388,
    "receivedKBytesPerSec" : 2.988387978142076,
    "sentKBytesPerSec" : 5.2830430327868845
  },
  "-31" : {
    "transaction" : "-31",
    "sampleCount" : 5,
    "errorCount" : 0,
    "errorPct" : 0.0,
    "meanResTime" : 92.4,
    "medianResTime" : 59.0,
    "minResTime" : 55.0,
    "maxResTime" : 225.0,
    "pct1ResTime" : 225.0,
    "pct2ResTime" : 225.0,
    "pct3ResTime" : 225.0,
    "throughput" : 10.79913606911447,
    "receivedKBytesPerSec" : 2.952888768898488,
    "sentKBytesPerSec" : 5.209739470842332
  },
  "-10" : {
    "transaction" : "-10",
    "sampleCount" : 20,
    "errorCount" : 0,
    "errorPct" : 0.0,
    "meanResTime" : 176.14999999999998,
    "medianResTime" : 219.5,
    "minResTime" : 50.0,
    "maxResTime" : 313.0,
    "pct1ResTime" : 254.9,
    "pct2ResTime" : 310.09999999999997,
    "pct3ResTime" : 313.0,
    "throughput" : 16.863406408094434,
    "receivedKBytesPerSec" : 4.611087689713322,
    "sentKBytesPerSec" : 8.151744308600337
  },
  "-32" : {
    "transaction" : "-32",
    "sampleCount" : 4,
    "errorCount" : 0,
    "errorPct" : 0.0,
    "meanResTime" : 254.0,
    "medianResTime" : 158.5,
    "minResTime" : 57.0,
    "maxResTime" : 642.0,
    "pct1ResTime" : 642.0,
    "pct2ResTime" : 642.0,
    "pct3ResTime" : 642.0,
    "throughput" : 4.166666666666667,
    "receivedKBytesPerSec" : 1.1393229166666667,
    "sentKBytesPerSec" : 2.0100911458333335
  },
  "-11" : {
    "transaction" : "-11",
    "sampleCount" : 19,
    "errorCount" : 0,
    "errorPct" : 0.0,
    "meanResTime" : 165.6315789473684,
    "medianResTime" : 76.0,
    "minResTime" : 48.0,
    "maxResTime" : 792.0,
    "pct1ResTime" : 285.0,
    "pct2ResTime" : 792.0,
    "pct3ResTime" : 792.0,
    "throughput" : 10.23706896551724,
    "receivedKBytesPerSec" : 2.7991985452586206,
    "sentKBytesPerSec" : 4.948583142510776
  },
  "-12" : {
    "transaction" : "-12",
    "sampleCount" : 19,
    "errorCount" : 0,
    "errorPct" : 0.0,
    "meanResTime" : 163.21052631578948,
    "medianResTime" : 203.0,
    "minResTime" : 47.0,
    "maxResTime" : 464.0,
    "pct1ResTime" : 270.0,
    "pct2ResTime" : 464.0,
    "pct3ResTime" : 464.0,
    "throughput" : 10.326086956521738,
    "receivedKBytesPerSec" : 2.823539402173913,
    "sentKBytesPerSec" : 4.991614300271739
  },
  "-34" : {
    "transaction" : "-34",
    "sampleCount" : 2,
    "errorCount" : 0,
    "errorPct" : 0.0,
    "meanResTime" : 412.5,
    "medianResTime" : 412.5,
    "minResTime" : 224.0,
    "maxResTime" : 601.0,
    "pct1ResTime" : 601.0,
    "pct2ResTime" : 601.0,
    "pct3ResTime" : 601.0,
    "throughput" : 3.0120481927710845,
    "receivedKBytesPerSec" : 0.8236069277108433,
    "sentKBytesPerSec" : 1.453077936746988
  },
  "-13" : {
    "transaction" : "-13",
    "sampleCount" : 20,
    "errorCount" : 0,
    "errorPct" : 0.0,
    "meanResTime" : 745.0999999999999,
    "medianResTime" : 139.0,
    "minResTime" : 49.0,
    "maxResTime" : 12217.0,
    "pct1ResTime" : 272.3,
    "pct2ResTime" : 11619.849999999991,
    "pct3ResTime" : 12217.0,
    "throughput" : 1.6370631087828436,
    "receivedKBytesPerSec" : 0.44763444380780876,
    "sentKBytesPerSec" : 0.791353748874519
  },
  "-35" : {
    "transaction" : "-35",
    "sampleCount" : 5,
    "errorCount" : 0,
    "errorPct" : 0.0,
    "meanResTime" : 157.2,
    "medianResTime" : 210.0,
    "minResTime" : 69.0,
    "maxResTime" : 220.0,
    "pct1ResTime" : 220.0,
    "pct2ResTime" : 220.0,
    "pct3ResTime" : 220.0,
    "throughput" : 8.051529790660224,
    "receivedKBytesPerSec" : 2.2015901771336552,
    "sentKBytesPerSec" : 3.8842340982286636
  },
  "-14" : {
    "transaction" : "-14",
    "sampleCount" : 19,
    "errorCount" : 0,
    "errorPct" : 0.0,
    "meanResTime" : 161.52631578947367,
    "medianResTime" : 208.0,
    "minResTime" : 48.0,
    "maxResTime" : 353.0,
    "pct1ResTime" : 264.0,
    "pct2ResTime" : 353.0,
    "pct3ResTime" : 353.0,
    "throughput" : 9.576612903225806,
    "receivedKBytesPerSec" : 2.6186050907258065,
    "sentKBytesPerSec" : 4.629319713961694
  },
  "-15" : {
    "transaction" : "-15",
    "sampleCount" : 19,
    "errorCount" : 0,
    "errorPct" : 0.0,
    "meanResTime" : 190.0,
    "medianResTime" : 211.0,
    "minResTime" : 48.0,
    "maxResTime" : 932.0,
    "pct1ResTime" : 241.0,
    "pct2ResTime" : 932.0,
    "pct3ResTime" : 932.0,
    "throughput" : 11.150234741784038,
    "receivedKBytesPerSec" : 3.048892312206573,
    "sentKBytesPerSec" : 5.39000605193662
  },
  "-16" : {
    "transaction" : "-16",
    "sampleCount" : 19,
    "errorCount" : 0,
    "errorPct" : 0.0,
    "meanResTime" : 191.94736842105263,
    "medianResTime" : 216.0,
    "minResTime" : 47.0,
    "maxResTime" : 442.0,
    "pct1ResTime" : 315.0,
    "pct2ResTime" : 442.0,
    "pct3ResTime" : 442.0,
    "throughput" : 11.255924170616113,
    "receivedKBytesPerSec" : 3.0777917654028437,
    "sentKBytesPerSec" : 5.441096156694313
  },
  "-17" : {
    "transaction" : "-17",
    "sampleCount" : 19,
    "errorCount" : 0,
    "errorPct" : 0.0,
    "meanResTime" : 161.52631578947367,
    "medianResTime" : 203.0,
    "minResTime" : 49.0,
    "maxResTime" : 632.0,
    "pct1ResTime" : 238.0,
    "pct2ResTime" : 632.0,
    "pct3ResTime" : 632.0,
    "throughput" : 9.49050949050949,
    "receivedKBytesPerSec" : 2.595061188811189,
    "sentKBytesPerSec" : 4.587697458791209
  },
  "-18" : {
    "transaction" : "-18",
    "sampleCount" : 19,
    "errorCount" : 0,
    "errorPct" : 0.0,
    "meanResTime" : 212.57894736842107,
    "medianResTime" : 155.0,
    "minResTime" : 49.0,
    "maxResTime" : 835.0,
    "pct1ResTime" : 648.0,
    "pct2ResTime" : 835.0,
    "pct3ResTime" : 835.0,
    "throughput" : 9.017560512577123,
    "receivedKBytesPerSec" : 2.465739202657807,
    "sentKBytesPerSec" : 4.35907466184148
  },
  "-19" : {
    "transaction" : "-19",
    "sampleCount" : 19,
    "errorCount" : 0,
    "errorPct" : 0.0,
    "meanResTime" : 846.0526315789473,
    "medianResTime" : 215.0,
    "minResTime" : 54.0,
    "maxResTime" : 12062.0,
    "pct1ResTime" : 754.0,
    "pct2ResTime" : 12062.0,
    "pct3ResTime" : 12062.0,
    "throughput" : 1.4658231754358895,
    "receivedKBytesPerSec" : 0.40081102453325107,
    "sentKBytesPerSec" : 0.7085766326569974
  },
  "-1" : {
    "transaction" : "-1",
    "sampleCount" : 20,
    "errorCount" : 0,
    "errorPct" : 0.0,
    "meanResTime" : 354.3500000000001,
    "medianResTime" : 356.0,
    "minResTime" : 70.0,
    "maxResTime" : 662.0,
    "pct1ResTime" : 627.4000000000001,
    "pct2ResTime" : 660.4499999999999,
    "pct3ResTime" : 662.0,
    "throughput" : 14.925373134328359,
    "receivedKBytesPerSec" : 4.08115671641791,
    "sentKBytesPerSec" : 7.214902052238806
  },
  "-2" : {
    "transaction" : "-2",
    "sampleCount" : 20,
    "errorCount" : 0,
    "errorPct" : 0.0,
    "meanResTime" : 250.44999999999996,
    "medianResTime" : 232.5,